﻿3f71999846f908ed9897eeada2399c95,RonRivest
3f7d43553778f28cc4f2ba00598d0653,nocryptoforme
52b2d1ad30dc855e46a484abb180d325,59873523
8632c375e9eba096df51844a5a43ae93,security1
41fb027d1c23536f9e0b2dde019e1a37,2011992
4060e28193d36aeb17dff58ecd2f4e1d,"""@@@@@@@@@@@@"""
ab56b4d92b40713acc5af89985d4b786,abcde
72b302bf297a228a75730123efef7c41,banana
91546a5fca4feda2b837e4ad3e38fcb3,randombits
fe01d67a002dfa0f3ac084298142eccd,orange
0c5616c3772c470c9ea847e3ce4079dc,vladkool
5213097ccbffbfd3dd262860a3c15afc,alamak
d606757a9c50dedc85e3cc90949b10ae,makan
2ab96390c7dbe3439de74d0c9b0b1767,hunter2
27c07e1c9bcd1ac7e5e995ed92534d77,skittles
c3cb0e6b73ed4ea1103257ac539a015a,bubbles1980
82210e61e8f415525262575b20fae48d,treasure
c822c1b63853ed273b89687ac505f9fa,google
4e7e00ce3e827e48d68f3309dabbb1db,mycatiscute
7c6a180b36896a0a8c02787eeafb0e4c,password1
417432b93db6d7654c9612c2cc37dedd,fidoismydog
84df077bcb1bd39ab1a3294de0cf655b,skeleton
463ce859c76afb3b13b40298c2cd4683,weak neptune99
981d304c3f23f463adfefc42028f7f0c,zyx987
01c92d3c5e470cbc71b8a461b0ecff53,kopi
a5c9b509c134142fbfe0276c22ffa4be,genghis
efa88170397c87c264cb471f3cf86e6d,let me in
c0234d550092e8d9b2f42d27f7db0c15,lol reddit
b13842a079220e73cfbce551dc89f5d5,my voice is my password
dd4137338f84fd1252351375305b847c,rickrolled
e99a18c428cb38d5f260853678922e03,abc123
3e4f2b8d612f26bb4f26fbf3d958fa00,H3!!0
912ec803b2ce49e4a541068d495ab570,asdf
827ccb0eea8a706c4c34a16891f84e7b,12345
fc3b604ff70fb679bdb03ef82427a419,myMITpassword
e10adc3949ba59abbe56e057f20f883e,123456
9443b0fceb8c03b6a514a706ea69df0b,donkey
5f4dcc3b5aa765d61d8327deb882cf99,password1
23ec24c5ca59000543cee1dfded0cbea,sheep
dd7ee3bfea94a9af1d0495e3e2efd339,yellowfellow
a74a7e6ceb925821979eed0659939b13,ilovepapa!
6eea9b7ef19179a06954edd0f6c05ceb,qwertyuiop
b497dd1a701a33026f7211533620780d,drowssap
26cae7718c32180a7a0f8e19d6d40a59,facebook
f46565ba900fb8fb166521bd4bb6e2e7,Cara123
0d107d09f5bbe40cade3de5c71e9e9b7,letmein
df77a58e5fd82336aec7365b36ab95ff,passwordweak
5ebe2294ecd0e0f08eab7690d2a6ee69,secret
1660fe5c81c4ce64a2611494c439e1ba,jennifer
58b4e38f66bcdb546380845d6af27187,qwerty1234
79464212afb7fd6c38699d0617eaedeb,television
dca27e8a94eac4010ae86ccd15c75447,paiseh
c37bf859faf392800d739a41fe5af151,98765
020d69ec2ee5b3f192483936e2c7f561,xkcd
7f59a125a3f57ff02c3691b7a829b837,cuvant
5ae3203519771859a4ccd812331951e4,siao5
60411a034de00aa34800cabc37a9e4be,hellen1989
6cd1e21cf8e989f9fc662c40b0d80294,4ever&ever
d8578edf8458ce06fbc5bb76a58c5ca4,qwerty
f30aa7a662c728b7407c54ae6bfd27d1,hello123
dd94a5f9059f30fa92ab9c5d107788cb,itzmypa$$word
7d9ad0211d6493e8d55a4a75de3f90a1,nintendo
1a462c628ff3c9ba3ed4af6b692ae1fb,lepak
342f5c77ed008542e78094607ce1f7f3,firstname
9ac401b848ce079f0404f417b092c929,kiasu00
7babea040123565932f751d938efc5c5,ofir123
8621ffdbc5698829397d97767ac13db3,dragon
1037d5106b20aafac8809012af0dac70,bojio
482c811da5d5b4bc6d497ffa98491e38,password123
4297f44b13955235245b2497399d7a93,123123
6ee20298b4f899d0af9f7f04b342f332,howareyou1
