﻿c8b0fca2c59d9198b641ce60fe9b501b,Adm1Cmv4$
007b046e53a5fddd93b5928e364c6992,2L3g1TqU1t
2ad84a2be1efcc4972c1f3a2c1b620ce,
838035512013076935bdf26c70895458,19$ug@r92
6c18c944a312efb2df7811fadecd8331,
673065f07d250adfcc7c6162fc0bd150,
5b3294dd5bc8345e63dc0a27ba74d256,Sup3rs@1ty5
cc74c1cf76412cf024b84da7254ecbcd,haw2u521
5277e47f8ec27676839fba3b338e7018,janemanjanemanterdonayan
e63a20cd507d53220d93ca56db89a8e8,
b875ac211542c2bcb4f730fa7134cc34,
cb759b84b038e9872056456e647a29df,
f2333057efa355f124ca224a56c19604,
be2b792b0264009a9106d27abe69ded4,b6o0r8b6
05e0618dcb4f247d24f8d0c668a7da4e,
ca0c9e4f47ace3423b150207f49d4911,afarningesupertare
10deec3e40521e9be3eb89d869b2889e,
4cc2012ab57f76bb2d95b6dbe0cd3704,ts^h28w9
51edb74f2f83d7e5f155622056f8a79a,
6de64a8c3c5cac28f74dd64cd4126b1c,
1a65b9b6764a850a0d197066ef7426c4,
a62632534dfc6801df0fb8b7b272a38e,
60abe3e25b19739b3a213f2646183a77,A11234b8c16
72deac1f7a7b70ead34b017fa0676b9b,Chjklm88
,
,
,
,
,
,
,
,
,
,
,
,
,
,
,
,
,
,
,
,
,
