﻿53fe99e9c93fdd5fc14e296375b85b43,password1234567890
8a8ed1d1160152f7656f5e823a8bdffa,tr0mb0n3
c4ee758b17ed3c864d27b436fc46d65a,99BottlesOfBeer
347cfaab0130261f134e9593c85caf93,Hello123oRld
62a4561c731e19b63bc9a4929bbb5f87,j@cktHEr!pper
2741f0a592772d52835003128a900350,AnimalBlouse14
57e507f55beaf31e85f298af9b3d6bb4,carachloe2pets
3805248410673a8be6aa4807e61fb5ae,poiuytrewq
3ab30dfdf113efe9b719ce5763d75446,c@t!scut8
9ded7fab83986b60bdbb4a75dab019bb,AcH98
5940eb65c060cebb4df6914f5af39cfe,m@k@n
f8cacbcdcbf93f6238285139e0f8284b,t3hs3c3t
4698e7ab9c06649f06f3bbc8fcb20360,
0b47dd2352d12f5bce760ddfa2ef7849,myp455word1
696d29e0940a4957748fe3fc9efd22a3,5f4dcc3b5aa765d618327deb882cf99
daac6467d1d7cb418572dbd8d01c190a,
3fb36ec3b05979c3544306386a2c8857,
1897a69ef451f0991bb85c6e7c35aa31,1a2b3c4d
987dce6fd25b25c278ceb48b23699dc7,MaidenName
700055094032bf4942fa3f670d5330f5,SMArq123
f4b5ad38c48310e80be31c9f74a3ff48,Cryptomania!
d5af1d13cfbcc5e08796f09da37ddc2d,RickAstleyRocks!
af27d1863513c3e2b8490500f8ade244,smashbrosnintendo64
4873cb77ec54c0aa1ea6ababf03bd774,NothignMatters
b00ad229e995d970090791de535759da,P1n@pple
1e46805eff2b78c440e88cd8d4cce788,blumua
fb38ab49398741224bca4259a6094c24,GenghisChau
0239181e4d9c76a12e60675013ff4376,dogsandcats
8f4d5fe00d95218527683d4df55450de,douacuvinte17
e9f5bd2bae1c70770ff8c6e6cf2d7b76,correcthorsebatterystaple
dfd6ea93226701b6d8789e4988f0d400,my%password17
8b2d6d8c68b069ea1c27308cd4b3d3ac,happydays219
c83a9421fa0eefec6c86001baa65568a,
b9cba343ab1df65293bcd23e668c7179,ekazPS26
a0cc3ee999ec0c60dc75ebb1448e2aaa,Az92A1pq
59cae021a199e3a109d4e1d4eb06f454,6.857iscool
318e2407a82f72b01d61ab1c52a719b2,12secret123
354754c0925e6bd6338f4fbaee43e87e,SecretsRUs57
cf9335aa407b76812d6fe661de163756,3.141592654
d768d3b271ba9faaab0141600a47b221,
b419e81184e9492a74d9646e23ebc82d,kamikaze123
d9dd40eb4d0e510e2d5b7fe3dc529d3f,PENGUINS71
ac33c7d806f98d4e3f91240c6de301fd,superduper456
3d5cfea66d40e5446a3ef7737398ac2e,TheQuickBrownFox
37e2542cfc084f9b09e4a5784c9dd5d5,194aioli57
dcfe89040ba34e8ea4ffb04966e04f04,MITb3aver
8b778d3883fbe0615b3a53a600d0ba63,
887f219f4cd6af1af61d20b687fed01c,n07p4$$w0rd
cb6343e0f08bd6526dcf7d56509eb395,p615c3w8!
9c0192571dbfb2c3a822dba9cab7d934,ehidontknowwhattoputhere
ade19e33351c5ef7923b0fcecac5efe8,jac0b!
d8ac58762deeebe560ae4b239cf224ba,tulmultuous
4ece57a61323b52ccffdbef021956754,Tr0ub4dor&3
3678aa3abfa400f91e7c479d55297801,ItsHappening!
65f688749305a936a5964de0dd5f2a7f,bananacustard
d54b17e4795c706a6738700a548df92f,Congr@tul@tions!
1fc7f8989d2d6812d037b1fb2814bf54,
d1fdfebfd5a4fa30644a40c042856e87,$eLLer
